Piggbam,go_west,Imperial_,thedesertfox929,mcr3527,irelandball,RomanCatholic,alexwagbo,ThatThingInTheCorner,Didicet,MrRichyy,iron_star,ContrabannedTheMC,RossVDebs,whaleshipessex
,,2,8,7,5,4,3,1,,,,6,,
10,11,9,4,8,7,6,5,1,2,3,12,13,14,15
9,8,5,6,7,15,14,13,2,1,3,4,12,11,10
,,,,,8,,,2,7,5,4,6,1,3
9,8,7,6,5,4,2,1,3,10,11,12,13,14,15
11,12,13,14,15,7,10,9,4,5,6,8,1,2,3
11,12,13,14,15,1,2,3,4,8,9,7,6,5,10
15,14,13,12,11,1,2,3,4,5,6,7,8,9,10
2,5,1,4,3,11,12,10,6,7,8,9,13,14,15
13,12,9,14,11,10,8,15,7,5,6,2,1,3,4
13,12,11,10,9,4,14,15,7,8,6,5,1,2,3
14,13,12,11,15,8,10,9,7,6,5,4,1,2,3
15,14,13,12,11,10,9,8,7,6,5,4,3,1,2
11,12,13,14,15,10,9,8,7,6,5,4,2,1,3
15,14,13,12,11,10,9,8,7,6,5,4,3,2,1
15,14,13,11,12,10,9,8,7,6,5,1,4,2,3
15,14,13,12,11,10,9,8,7,6,5,1,4,2,3
15,14,13,12,11,10,9,8,7,6,5,4,1,2,3
14,13,15,12,11,5,10,6,7,9,8,4,1,2,3
15,14,13,12,11,5,10,9,8,6,7,4,3,1,2
15,14,13,12,11,7,6,5,8,9,10,4,3,2,1
2,3,1,4,5,6,7,8,9,10,11,12,13,14,15
2,4,3,1,5,6,7,8,9,10,11,12,13,14,15
1,2,3,4,5,6,7,8,9,10,11,12,13,14,15
1,2,3,4,5,6,7,8,9,10,11,12,13,14,15
1,2,3,4,5,6,7,8,9,10,11,12,13,14,15
7,6,5,4,3,8,2,1,9,10,11,12,15,13,14
8,7,6,5,4,3,2,1,9,10,11,12,13,14,15
8,7,6,5,4,3,2,1,9,10,11,12,13,14,15
3,4,2,5,1,12,7,6,10,11,9,8,13,14,15
3,7,4,6,5,11,1,2,10,9,8,12,15,13,14
5,6,7,8,9,3,1,2,11,12,13,14,15,10,4
4,5,6,7,8,9,10,11,12,13,14,15,3,1,2
7,6,5,4,3,15,1,2,14,13,12,8,9,10,11
7,6,5,4,3,8,1,2,15,14,13,9,10,11,12
